Column,Mean,Median,Std,Variance,Q1,Q2,Q3,Q4,Min,Max,Count,Most_Common_Values
Voltage_main,94.1156,8.0,258.4774496064038,66810.591955031,8.0,8.0,9.0,999.0,7,999,5000,"{9: np.int64(1774), 8: np.int64(1756), 7: np.int64(920), 787: np.int64(6), 938: np.int64(5), 850: np.int64(5), 880: np.int64(5), 951: np.int64(5), 810: np.int64(5), 926: np.int64(5)}"
Voltage_secondary,542.487,570.5,285.51703036058143,81519.97462592518,303.75,570.5,785.0,999.0,0,999,5000,"{547: np.int64(14), 597: np.int64(14), 240: np.int64(13), 544: np.int64(13), 524: np.int64(12), 866: np.int64(12), 507: np.int64(12), 527: np.int64(12), 665: np.int64(12), 671: np.int64(11)}"
Current_main,62.176,8.0,179.78794777524172,32323.70616523305,5.0,8.0,20.0,994.0,1,994,5000,"{5: np.int64(554), 8: np.int64(477), 6: np.int64(477), 9: np.int64(472), 7: np.int64(466), 3: np.int64(288), 4: np.int64(277), 2: np.int64(208), 1: np.int64(112), 22: np.int64(52)}"
Current_secondary,501.1568,503.0,288.91412511003614,83471.37168809763,250.0,503.0,749.0,999.0,0,999,5000,"{539: np.int64(15), 436: np.int64(14), 824: np.int64(12), 71: np.int64(12), 500: np.int64(12), 270: np.int64(12), 275: np.int64(11), 808: np.int64(11), 574: np.int64(11), 822: np.int64(11)}"
Temperature_main,39.2026,9.0,114.0178177557927,13000.06276579316,4.0,9.0,28.0,981.0,1,981,5000,"{5: np.int64(642), 4: np.int64(513), 3: np.int64(502), 2: np.int64(376), 1: np.int64(200), 9: np.int64(84), 10: np.int64(84), 18: np.int64(80), 8: np.int64(80), 6: np.int64(78)}"
Temperature_secondary,489.7442,489.0,283.8956648419683,80596.7485160632,249.0,489.0,720.0,999.0,0,999,5000,"{120: np.int64(15), 673: np.int64(15), 505: np.int64(13), 315: np.int64(12), 76: np.int64(12), 822: np.int64(12), 361: np.int64(11), 522: np.int64(11), 319: np.int64(11), 11: np.int64(11)}"
