,PC1,PC2,PC3,PC4,PC5
Voltage_main,0.6085481832471694,0.38622293914698,-0.168499308903304,-0.020596187163767703,-0.5259778499659621
Voltage_secondary,-0.4341456917421602,0.27161416694706425,0.5587911766433852,0.2908175576009427,-0.029415968211168986
Current_main,0.1912198416865712,0.6845067595900962,0.2785166261975235,0.26059630097375874,0.17546122537246692
Current_secondary,0.574924843760158,-0.19496990191328645,0.403185837332805,-0.18992576544770068,0.6052988846457433
Temperature_main,0.20429606331575037,-0.47089275917800966,0.5678823588693769,0.19615999105386106,-0.5357181883586761
Temperature_secondary,0.17985033137222323,-0.22080495548658158,-0.31103006252668863,0.878942532087841,0.19574126662125502
