Column,Mean,Median,Std,Variance,Q1,Q2,Q3,Q4,Min,Max,Count,Most_Common_Values
Voltage_secondary,492.8514504834945,484.0,290.449603074888,84360.97192635998,243.0,484.0,745.0,999.0,0,999,5998,"{734: np.int64(14), 319: np.int64(13), 126: np.int64(13), 212: np.int64(13), 260: np.int64(12), 621: np.int64(12), 309: np.int64(12), 399: np.int64(12), 220: np.int64(12), 651: np.int64(12)}"
Current_secondary,495.3557852617539,500.0,284.7880748606467,81104.24758283333,253.0,500.0,733.0,999.0,0,999,5998,"{839: np.int64(15), 550: np.int64(15), 704: np.int64(14), 612: np.int64(13), 0: np.int64(13), 504: np.int64(13), 406: np.int64(13), 124: np.int64(12), 546: np.int64(12), 726: np.int64(12)}"
Temperature_secondary,496.49166388796266,497.0,284.53306142764575,80959.06304538842,254.0,497.0,735.0,999.0,0,999,5998,"{528: np.int64(15), 509: np.int64(15), 694: np.int64(14), 749: np.int64(13), 63: np.int64(13), 845: np.int64(13), 602: np.int64(13), 580: np.int64(13), 562: np.int64(13), 471: np.int64(13)}"
