,PC1,PC2,PC3,PC4,PC5
Voltage_main,0.6085481832471793,0.3862229391469512,-0.1684993089033371,-0.02059618716376845,-0.5259778499659714
Voltage_secondary,-0.4341456917421376,0.27161416694710117,0.5587911766433763,0.2908175576009525,-0.02941596821118364
Current_main,0.19121984168659967,0.6845067595901023,0.27851662619749035,0.26059630097376163,0.17546122537247758
Current_secondary,0.5749248437601593,-0.19496990191328553,0.4031858373328042,-0.1899257654477014,0.6052988846457363
Temperature_main,0.2042960633157444,-0.47089275917799,0.567882358869396,0.19615999105385404,-0.535718188358672
Temperature_secondary,0.1798503313722164,-0.2208049554866096,-0.31103006252668375,0.8789425320878389,0.19574126662124958
