Column,Mean,Median,Std,Variance,Q1,Q2,Q3,Q4,Min,Max,Count,Most_Common_Values
Voltage_main,44.60055695772504,8.0,159.29027005287807,25373.390133518824,8.0,8.0,9.0,850.0,7.0,850.0,5000,"{9.0: np.int64(1774), 8.0: np.int64(1756), 7.0: np.int64(920), 787.0: np.int64(6), 779.0: np.int64(5), 810.0: np.int64(5), 850.0: np.int64(5), 85.0: np.int64(5), 817.0: np.int64(5), 806.0: np.int64(4)}"
Voltage_secondary,542.487,570.5,285.51703036058143,81519.97462592518,303.75,570.5,785.0,999.0,0.0,999.0,5000,"{547.0: np.int64(14), 597.0: np.int64(14), 240.0: np.int64(13), 544.0: np.int64(13), 524.0: np.int64(12), 866.0: np.int64(12), 507.0: np.int64(12), 527.0: np.int64(12), 665.0: np.int64(12), 671.0: np.int64(11)}"
Current_main,12.918977659573459,8.0,16.85160982502116,283.9767536947497,5.0,8.0,14.0,248.0,0.8377529649629326,248.0,5000,"{5.0: np.int64(554), 8.0: np.int64(477), 6.0: np.int64(477), 9.0: np.int64(472), 7.0: np.int64(466), 3.0: np.int64(288), 4.0: np.int64(277), 2.0: np.int64(208), 1.0: np.int64(112), 22.0: np.int64(52)}"
Current_secondary,501.1568,503.0,288.91412511003614,83471.37168809763,250.0,503.0,749.0,999.0,0.0,999.0,5000,"{539.0: np.int64(15), 436.0: np.int64(14), 824.0: np.int64(12), 71.0: np.int64(12), 500.0: np.int64(12), 270.0: np.int64(12), 275.0: np.int64(11), 808.0: np.int64(11), 574.0: np.int64(11), 822.0: np.int64(11)}"
Temperature_main,16.110150164615938,9.0,19.89674686356289,395.88053575269964,4.0,9.0,24.0,245.0,1.0,245.0,5000,"{5.0: np.int64(642), 4.0: np.int64(513), 3.0: np.int64(502), 2.0: np.int64(376), 1.0: np.int64(200), 10.0: np.int64(84), 9.0: np.int64(84), 8.0: np.int64(80), 18.0: np.int64(80), 6.0: np.int64(78)}"
Temperature_secondary,489.7442,489.0,283.8956648419683,80596.7485160632,249.0,489.0,720.0,999.0,0.0,999.0,5000,"{120.0: np.int64(15), 673.0: np.int64(15), 505.0: np.int64(13), 315.0: np.int64(12), 76.0: np.int64(12), 822.0: np.int64(12), 361.0: np.int64(11), 522.0: np.int64(11), 319.0: np.int64(11), 11.0: np.int64(11)}"
