,Singular_Value,Variance_Explained,Cumulative_Variance
Component_1,66.51144810513154,17.766155538319712,17.766155538319712
Component_2,65.80830815824646,17.39250370542462,35.15865924374433
Component_3,65.09401030364543,17.016988664301607,52.17564790804594
Component_4,63.82080992186443,16.357814373826315,68.53346228187226
Component_5,63.07357623551176,15.97701212504786,84.51047440692012
Component_6,62.103879691021646,15.489525593079895,100.00000000000001
