,Singular_Value,Variance_Explained,Cumulative_Variance
Component_1,73.18205767491595,17.228377937125146,17.228377937125146
Component_2,72.88695392612351,17.089712580032327,34.31809051715747
Component_3,72.71709792284855,17.010153542820376,51.32824405997785
Component_4,71.8610343954022,16.612006254832323,67.94025031481017
Component_5,70.73736584299589,16.096554482422437,84.0368047972326
Component_6,70.4437283278808,15.9631952027674,100.0
