,Singular_Value,Variance_Explained,Cumulative_Variance
Component_1,73.69784611812987,18.10457507483852,18.10457507483852
Component_2,71.69440179029401,17.13362416022706,35.23819923506558
Component_3,70.96037724460463,16.78458379565536,52.022783030720944
Component_4,70.49366593963948,16.56452312536498,68.58730615608593
Component_5,68.71530393428802,15.73930998260528,84.32661613869121
Component_6,68.571241482072,15.673383861308793,100.0
